{
  "generatedAt": "2025-12-17T19:15:42.822Z",
  "config": {
    "runs": 500,
    "rounds": 30,
    "seed": 1
  },
  "scenario": {
    "name": "core-v0-all5",
    "players": [
      {
        "agentId": "builder",
        "displayName": "Baumeister",
        "checks": {
          "influence": 5,
          "money": 5,
          "materials": 5
        }
      },
      {
        "agentId": "merchant",
        "displayName": "Händler",
        "checks": {
          "influence": 5,
          "money": 5,
          "materials": 5
        }
      },
      {
        "agentId": "courtier",
        "displayName": "Höfling",
        "checks": {
          "influence": 5,
          "money": 5,
          "materials": 5
        }
      },
      {
        "agentId": "random",
        "displayName": "Zufall",
        "checks": {
          "influence": 5,
          "money": 5,
          "materials": 5
        }
      }
    ]
  },
  "outcomes": {
    "giniGold": {
      "mean": 0.19650042267666154,
      "p50": 0.18620514210363726,
      "p90": 0.2775742020627038
    },
    "byAgent": {
      "builder": {
        "samples": 500,
        "wins": 48,
        "winRate": 0.096,
        "finalGold": {
          "mean": 232.298,
          "p50": 235.5,
          "p10": 91.80000000000001,
          "p90": 366.1
        },
        "finalOfficesGold": {
          "mean": 13.96,
          "p50": 14
        },
        "milestones": {
          "firstOfficeRound": {
            "mean": 7.428,
            "p50": 6,
            "neverRate": 0
          },
          "firstDomainUpgradeRound": {
            "mean": 2.3253333333333335,
            "p50": 2,
            "neverRate": 0.25
          },
          "firstStorageBuiltRound": {
            "mean": 4.666,
            "p50": 4,
            "neverRate": 0
          }
        },
        "idleActionRate": 0.008,
        "meanGoldByRound": [
          11.726,
          4.41,
          7.088,
          5.076,
          5.776,
          5.84,
          6.494,
          7.642,
          8.524,
          10.376,
          12.402,
          15.006,
          18.158,
          21.964,
          26.956,
          32.596,
          38.954,
          46.65,
          55.516,
          65.318,
          76.496,
          88.102,
          101.77,
          116.178,
          132.28,
          149.808,
          168.678,
          188.622,
          209.672,
          232.298
        ],
        "actions": {
          "influence": {
            "count": 14858,
            "tiers": {
              "veryGood": 233,
              "good": 3845,
              "success": 3593,
              "poor": 3651,
              "fail": 3536
            }
          },
          "material.domain": {
            "count": 2241,
            "tiers": {
              "veryGood": 489,
              "good": 545,
              "success": 550,
              "poor": 479,
              "fail": 178
            }
          },
          "money.sell": {
            "count": 4337,
            "tiers": {
              "veryGood": 567,
              "good": 1015,
              "success": 1009,
              "poor": 1159,
              "fail": 587
            }
          },
          "acquire.office": {
            "count": 8324,
            "tiers": {
              "veryGood": 981,
              "good": 1963,
              "success": 2056,
              "poor": 2122,
              "fail": 1202
            }
          }
        },
        "facilities": {
          "buildSmallStorage": 500,
          "upgradeStarterDomainToSmall": 375
        },
        "errors": {}
      },
      "merchant": {
        "samples": 500,
        "wins": 190,
        "winRate": 0.38,
        "finalGold": {
          "mean": 332.046,
          "p50": 331.5,
          "p10": 263.9,
          "p90": 404.1
        },
        "finalOfficesGold": {
          "mean": 0,
          "p50": 0
        },
        "milestones": {
          "firstOfficeRound": {
            "mean": 0,
            "p50": 0,
            "neverRate": 1
          },
          "firstDomainUpgradeRound": {
            "mean": 0,
            "p50": 0,
            "neverRate": 1
          },
          "firstStorageBuiltRound": {
            "mean": 2.03,
            "p50": 2,
            "neverRate": 0
          }
        },
        "idleActionRate": 0.00016666666666666666,
        "meanGoldByRound": [
          11.722,
          16.042,
          27.188,
          39.902,
          50.61,
          60.9,
          72.124,
          83.944,
          95.79,
          107.016,
          118.144,
          129.512,
          141.144,
          152.98,
          163.918,
          174.916,
          186.684,
          197.928,
          209.292,
          219.008,
          230.878,
          241.844,
          253.824,
          265.1,
          275.974,
          287.498,
          298.55,
          309.796,
          320.846,
          332.046
        ],
        "actions": {
          "money.lend": {
            "count": 14962,
            "tiers": {
              "veryGood": 1309,
              "good": 3882,
              "success": 3794,
              "poor": 3627,
              "fail": 2350
            }
          },
          "material.domain": {
            "count": 4001,
            "tiers": {
              "veryGood": 911,
              "good": 1031,
              "success": 1034,
              "poor": 875,
              "fail": 150
            }
          },
          "money.sell": {
            "count": 11032,
            "tiers": {
              "veryGood": 1102,
              "good": 2785,
              "success": 2685,
              "poor": 2701,
              "fail": 1759
            }
          }
        },
        "facilities": {
          "buildSmallStorage": 500
        },
        "errors": {}
      },
      "courtier": {
        "samples": 500,
        "wins": 270,
        "winRate": 0.54,
        "finalGold": {
          "mean": 350.79,
          "p50": 355,
          "p10": 260.9,
          "p90": 445
        },
        "finalOfficesGold": {
          "mean": 17.102,
          "p50": 17
        },
        "milestones": {
          "firstOfficeRound": {
            "mean": 3.092,
            "p50": 3,
            "neverRate": 0
          },
          "firstDomainUpgradeRound": {
            "mean": 0,
            "p50": 0,
            "neverRate": 1
          },
          "firstStorageBuiltRound": {
            "mean": 0,
            "p50": 0,
            "neverRate": 1
          }
        },
        "idleActionRate": 0,
        "meanGoldByRound": [
          11.726,
          9.806,
          10.982,
          10.922,
          11.274,
          11.14,
          12.116,
          14.34,
          17.348,
          22.01,
          26.608,
          32.442,
          39.524,
          47.844,
          57.694,
          68.358,
          80.34,
          93.848,
          108.194,
          123.956,
          141.042,
          159.442,
          178.466,
          198.618,
          220.748,
          244.538,
          269.064,
          295.268,
          322.384,
          350.79
        ],
        "actions": {
          "influence": {
            "count": 15000,
            "tiers": {
              "veryGood": 0,
              "good": 3930,
              "success": 3639,
              "poor": 3548,
              "fail": 3883
            }
          },
          "material.domain": {
            "count": 4674,
            "tiers": {
              "veryGood": 565,
              "good": 1093,
              "success": 1089,
              "poor": 1367,
              "fail": 560
            }
          },
          "acquire.office": {
            "count": 10326,
            "tiers": {
              "veryGood": 1160,
              "good": 2493,
              "success": 2513,
              "poor": 2483,
              "fail": 1677
            }
          }
        },
        "facilities": {},
        "errors": {}
      },